[
  {
    "name": "carlie van wyk",
    "studentNum": "u21672823",
    "title": {
      "@year": "2015",
      "text": "Blood Rage"
    },
    "designer": "Eric M. Lang",
    "artists": "Henning Ludvigsen, Thierry Masson, +2 More",
    "publishers": "Cool Mini Or Not, Arclight, +13 more",
    "player": 4
  },
  {
    "title": {
      "@year": "2022",
      "text": "Terra Nova"
    },
    "designer": "Andreas Faul",
    "artists": [],
    "publishers": "KOSMOS, +1 more",
    "player": 4
  }
]
